<?xml version="1.0" encoding="UTF-8"?>
<export version="D">
  <design>
    <source>C:\Users\Jacob\Documents\KiCAD\TGD100\TGD100.sch</source>
    <date>8/28/2021 7:52:44 PM</date>
    <tool>Eeschema (5.1.9)-1</tool>
    <sheet number="1" name="/" tstamps="/">
      <title_block>
        <title/>
        <company/>
        <rev/>
        <date/>
        <source>TGD100.sch</source>
        <comment number="1" value=""/>
        <comment number="2" value=""/>
        <comment number="3" value=""/>
        <comment number="4" value=""/>
      </title_block>
    </sheet>
    <sheet number="2" name="/sx1276/" tstamps="/60CFCF88/">
      <title_block>
        <title/>
        <company/>
        <rev/>
        <date/>
        <source>sx1276.sch</source>
        <comment number="1" value=""/>
        <comment number="2" value=""/>
        <comment number="3" value=""/>
        <comment number="4" value=""/>
      </title_block>
    </sheet>
  </design>
  <components>
    <comp ref="U30">
      <value>H3LIS331DL</value>
      <footprint>lib_fp:TFLGA-16_3x3mm</footprint>
      <datasheet>~</datasheet>
      <fields>
        <field name="LCSC">~</field>
      </fields>
      <libsource lib="TGD100" part="H3LIS331DL" description=""/>
      <sheetpath names="/" tstamps="/"/>
      <tstamp>60D47EB8</tstamp>
    </comp>
    <comp ref="C31">
      <value>100nF</value>
      <footprint>Capacitor_SMD:C_0603_1608Metric</footprint>
      <datasheet>https://lcsc.com/product-detail/Multilayer-Ceramic-Capacitors-MLCC-SMD-SMT_YAGEO-CC0603KRX7R9BB104_C14663.html</datasheet>
      <fields>
        <field name="LCSC">C14663</field>
      </fields>
      <libsource lib="Device" part="C" description="Unpolarized capacitor"/>
      <sheetpath names="/" tstamps="/"/>
      <tstamp>60D494A2</tstamp>
    </comp>
    <comp ref="U20">
      <value>SY8253ADC</value>
      <footprint>Package_TO_SOT_SMD:TSOT-23-6</footprint>
      <datasheet>https://lcsc.com/product-detail/DC-DC-Converters_Silergy-Corp-SY8253ADC_C93736.html</datasheet>
      <fields>
        <field name="LCSC">C93736</field>
      </fields>
      <libsource lib="TGD100" part="SY8253ADC" description=""/>
      <sheetpath names="/" tstamps="/"/>
      <tstamp>60DC3656</tstamp>
    </comp>
    <comp ref="C20">
      <value>2.2uF</value>
      <footprint>Capacitor_SMD:C_0603_1608Metric</footprint>
      <datasheet>https://lcsc.com/product-detail/Multilayer-Ceramic-Capacitors-MLCC-SMD-SMT_Samsung-Electro-Mechanics-CL10A225KO8NNNC_C23630.html</datasheet>
      <fields>
        <field name="LCSC">C23630	</field>
      </fields>
      <libsource lib="Device" part="C" description="Unpolarized capacitor"/>
      <sheetpath names="/" tstamps="/"/>
      <tstamp>60DC4222</tstamp>
    </comp>
    <comp ref="L20">
      <value>4.7uH</value>
      <footprint>Inductor_SMD:L_1210_3225Metric</footprint>
      <datasheet>https://lcsc.com/product-detail/Power-Inductors_Murata-Electronics-LQH32CN4R7M23L_C86070.html</datasheet>
      <fields>
        <field name="LCSC">C86070</field>
      </fields>
      <libsource lib="Device" part="L" description="Inductor"/>
      <sheetpath names="/" tstamps="/"/>
      <tstamp>60DC8065</tstamp>
    </comp>
    <comp ref="C21">
      <value>100nF</value>
      <footprint>Capacitor_SMD:C_0603_1608Metric</footprint>
      <datasheet>https://lcsc.com/product-detail/Multilayer-Ceramic-Capacitors-MLCC-SMD-SMT_YAGEO-CC0603KRX7R9BB104_C14663.html</datasheet>
      <fields>
        <field name="LCSC">C14663</field>
      </fields>
      <libsource lib="Device" part="C" description="Unpolarized capacitor"/>
      <sheetpath names="/" tstamps="/"/>
      <tstamp>60DC953D</tstamp>
    </comp>
    <comp ref="C22">
      <value>22pF</value>
      <footprint>Capacitor_SMD:C_0603_1608Metric</footprint>
      <datasheet>https://lcsc.com/product-detail/Multilayer-Ceramic-Capacitors-MLCC-SMD-SMT_Samsung-Electro-Mechanics-CL10C220JB8NNNC_C1653.html</datasheet>
      <fields>
        <field name="LCSC">C1653</field>
      </fields>
      <libsource lib="Device" part="C" description="Unpolarized capacitor"/>
      <sheetpath names="/" tstamps="/"/>
      <tstamp>60DCB62E</tstamp>
    </comp>
    <comp ref="R20">
      <value>10K</value>
      <footprint>Resistor_SMD:R_0603_1608Metric_Pad0.98x0.95mm_HandSolder</footprint>
      <datasheet>https://lcsc.com/product-detail/Chip-Resistor-Surface-Mount_UNI-ROYAL-Uniroyal-Elec-0603WAF1002T5E_C25804.html</datasheet>
      <fields>
        <field name="LCSC">C25804</field>
      </fields>
      <libsource lib="Device" part="R" description="Resistor"/>
      <sheetpath names="/" tstamps="/"/>
      <tstamp>60DCBF0D</tstamp>
    </comp>
    <comp ref="R21">
      <value>2K2</value>
      <footprint>Resistor_SMD:R_0603_1608Metric_Pad0.98x0.95mm_HandSolder</footprint>
      <datasheet>https://lcsc.com/product-detail/Chip-Resistor-Surface-Mount_UNI-ROYAL-Uniroyal-Elec-0603WAF2202T5E_C31850.html</datasheet>
      <fields>
        <field name="LCSC">C31850</field>
      </fields>
      <libsource lib="Device" part="R" description="Resistor"/>
      <sheetpath names="/" tstamps="/"/>
      <tstamp>60DCF1B7</tstamp>
    </comp>
    <comp ref="C23">
      <value>22uF</value>
      <footprint>Capacitor_SMD:C_0603_1608Metric</footprint>
      <datasheet>https://lcsc.com/product-detail/Multilayer-Ceramic-Capacitors-MLCC-SMD-SMT_Samsung-Electro-Mechanics-CL10A226MQ8NRNC_C59461.html</datasheet>
      <fields>
        <field name="LCSC">C59461	</field>
      </fields>
      <libsource lib="Device" part="C" description="Unpolarized capacitor"/>
      <sheetpath names="/" tstamps="/"/>
      <tstamp>60DD22E4</tstamp>
    </comp>
    <comp ref="Q10">
      <value>AO3401A</value>
      <footprint>Package_TO_SOT_SMD:SOT-23</footprint>
      <datasheet>http://www.aosmd.com/pdfs/datasheet/AO3401A.pdf</datasheet>
      <fields>
        <field name="LCSC">C15127</field>
      </fields>
      <libsource lib="Transistor_FET" part="AO3401A" description="-4.0A Id, -30V Vds, P-Channel MOSFET, SOT-23"/>
      <sheetpath names="/" tstamps="/"/>
      <tstamp>60D4B8B3</tstamp>
    </comp>
    <comp ref="D11">
      <value>DOWN_LED</value>
      <footprint>LED_THT:LED_D3.0mm</footprint>
      <datasheet>~</datasheet>
      <fields>
        <field name="LCSC">~</field>
      </fields>
      <libsource lib="Device" part="LED" description="Light emitting diode"/>
      <sheetpath names="/" tstamps="/"/>
      <tstamp>60DF911F</tstamp>
    </comp>
    <comp ref="D10">
      <value>POWER_LED</value>
      <footprint>LED_THT:LED_D3.0mm</footprint>
      <datasheet>~</datasheet>
      <fields>
        <field name="LCSC">~</field>
      </fields>
      <libsource lib="Device" part="LED" description="Light emitting diode"/>
      <sheetpath names="/" tstamps="/"/>
      <tstamp>60DF7B4E</tstamp>
    </comp>
    <comp ref="Q11">
      <value>AO3401A</value>
      <footprint>Package_TO_SOT_SMD:SOT-23</footprint>
      <datasheet>http://www.aosmd.com/pdfs/datasheet/AO3401A.pdf</datasheet>
      <fields>
        <field name="LCSC">C15127</field>
      </fields>
      <libsource lib="Transistor_FET" part="AO3401A" description="-4.0A Id, -30V Vds, P-Channel MOSFET, SOT-23"/>
      <sheetpath names="/" tstamps="/"/>
      <tstamp>60D7C444</tstamp>
    </comp>
    <comp ref="Q12">
      <value>AO3401A</value>
      <footprint>Package_TO_SOT_SMD:SOT-23</footprint>
      <datasheet>http://www.aosmd.com/pdfs/datasheet/AO3401A.pdf</datasheet>
      <fields>
        <field name="LCSC">C15127</field>
      </fields>
      <libsource lib="Transistor_FET" part="AO3401A" description="-4.0A Id, -30V Vds, P-Channel MOSFET, SOT-23"/>
      <sheetpath names="/" tstamps="/"/>
      <tstamp>60D7DC75</tstamp>
    </comp>
    <comp ref="R10">
      <value>1K</value>
      <footprint>Resistor_SMD:R_0603_1608Metric_Pad0.98x0.95mm_HandSolder</footprint>
      <datasheet>https://lcsc.com/product-detail/Chip-Resistor-Surface-Mount_UNI-ROYAL-Uniroyal-Elec-0603WAF1001T5E_C21190.html</datasheet>
      <fields>
        <field name="LCSC">C21190</field>
      </fields>
      <libsource lib="Device" part="R" description="Resistor"/>
      <sheetpath names="/" tstamps="/"/>
      <tstamp>60D9B182</tstamp>
    </comp>
    <comp ref="R11">
      <value>1K</value>
      <footprint>Resistor_SMD:R_0603_1608Metric_Pad0.98x0.95mm_HandSolder</footprint>
      <datasheet>https://lcsc.com/product-detail/Chip-Resistor-Surface-Mount_UNI-ROYAL-Uniroyal-Elec-0603WAF1001T5E_C21190.html</datasheet>
      <fields>
        <field name="LCSC">C21190</field>
      </fields>
      <libsource lib="Device" part="R" description="Resistor"/>
      <sheetpath names="/" tstamps="/"/>
      <tstamp>60D9D19D</tstamp>
    </comp>
    <comp ref="R12">
      <value>1K</value>
      <footprint>Resistor_SMD:R_0603_1608Metric_Pad0.98x0.95mm_HandSolder</footprint>
      <datasheet>https://lcsc.com/product-detail/Chip-Resistor-Surface-Mount_UNI-ROYAL-Uniroyal-Elec-0603WAF1001T5E_C21190.html</datasheet>
      <fields>
        <field name="LCSC">C21190</field>
      </fields>
      <libsource lib="Device" part="R" description="Resistor"/>
      <sheetpath names="/" tstamps="/"/>
      <tstamp>60D9D49A</tstamp>
    </comp>
    <comp ref="R15">
      <value>10R</value>
      <footprint>Resistor_SMD:R_0603_1608Metric_Pad0.98x0.95mm_HandSolder</footprint>
      <datasheet>https://lcsc.com/product-detail/Chip-Resistor-Surface-Mount_YAGEO-RC0603FR-0710RL_C109318.html</datasheet>
      <fields>
        <field name="LCSC">C109318</field>
      </fields>
      <libsource lib="Device" part="R" description="Resistor"/>
      <sheetpath names="/" tstamps="/"/>
      <tstamp>60D9D90C</tstamp>
    </comp>
    <comp ref="R14">
      <value>33R</value>
      <footprint>Resistor_SMD:R_0603_1608Metric_Pad0.98x0.95mm_HandSolder</footprint>
      <datasheet>https://lcsc.com/product-detail/Chip-Resistor-Surface-Mount_YAGEO-AC0603FR-0733RL_C144667.html</datasheet>
      <fields>
        <field name="LCSC">C144667</field>
      </fields>
      <libsource lib="Device" part="R" description="Resistor"/>
      <sheetpath names="/" tstamps="/"/>
      <tstamp>60DA2042</tstamp>
    </comp>
    <comp ref="R16">
      <value>22R</value>
      <footprint>Resistor_SMD:R_0603_1608Metric_Pad0.98x0.95mm_HandSolder</footprint>
      <datasheet>https://lcsc.com/product-detail/Chip-Resistor-Surface-Mount_LIZ-Elec-CR0603FA22R0G_C100876.html</datasheet>
      <fields>
        <field name="LCSC">C100876</field>
      </fields>
      <libsource lib="Device" part="R" description="Resistor"/>
      <sheetpath names="/" tstamps="/"/>
      <tstamp>60DAD20B</tstamp>
    </comp>
    <comp ref="R13">
      <value>1K</value>
      <footprint>Resistor_SMD:R_0603_1608Metric_Pad0.98x0.95mm_HandSolder</footprint>
      <datasheet>https://lcsc.com/product-detail/Chip-Resistor-Surface-Mount_UNI-ROYAL-Uniroyal-Elec-0603WAF1001T5E_C21190.html</datasheet>
      <fields>
        <field name="LCSC">C21190</field>
      </fields>
      <libsource lib="Device" part="R" description="Resistor"/>
      <sheetpath names="/" tstamps="/"/>
      <tstamp>60E2A2F3</tstamp>
    </comp>
    <comp ref="R50">
      <value>15K</value>
      <footprint>Resistor_SMD:R_0603_1608Metric_Pad0.98x0.95mm_HandSolder</footprint>
      <datasheet>https://lcsc.com/product-detail/Chip-Resistor-Surface-Mount_UNI-ROYAL-Uniroyal-Elec-0603WAF1502T5E_C22809.html</datasheet>
      <fields>
        <field name="LCSC">C22809</field>
      </fields>
      <libsource lib="Device" part="R" description="Resistor"/>
      <sheetpath names="/" tstamps="/"/>
      <tstamp>611E2D55</tstamp>
    </comp>
    <comp ref="R51">
      <value>2K2</value>
      <footprint>Resistor_SMD:R_0603_1608Metric_Pad0.98x0.95mm_HandSolder</footprint>
      <datasheet>https://lcsc.com/product-detail/Chip-Resistor-Surface-Mount_UNI-ROYAL-Uniroyal-Elec-0603WAF2202T5E_C31850.html</datasheet>
      <fields>
        <field name="LCSC">C31850</field>
      </fields>
      <libsource lib="Device" part="R" description="Resistor"/>
      <sheetpath names="/" tstamps="/"/>
      <tstamp>611F26E2</tstamp>
    </comp>
    <comp ref="C50">
      <value>100nF</value>
      <footprint>Capacitor_SMD:C_0603_1608Metric</footprint>
      <datasheet>https://lcsc.com/product-detail/Multilayer-Ceramic-Capacitors-MLCC-SMD-SMT_YAGEO-CC0603KRX7R9BB104_C14663.html</datasheet>
      <fields>
        <field name="LCSC">C14663</field>
      </fields>
      <libsource lib="Device" part="C" description="Unpolarized capacitor"/>
      <sheetpath names="/" tstamps="/"/>
      <tstamp>6120360E</tstamp>
    </comp>
    <comp ref="J3">
      <value>Conn_01x02</value>
      <footprint>lib_fp:TGD_ESC_SigPads</footprint>
      <datasheet>~</datasheet>
      <fields>
        <field name="LCSC">~</field>
      </fields>
      <libsource lib="Connector_Generic" part="Conn_01x02" description="Generic connector, single row, 01x02, script generated (kicad-library-utils/schlib/autogen/connector/)"/>
      <sheetpath names="/" tstamps="/"/>
      <tstamp>6121CC32</tstamp>
    </comp>
    <comp ref="J2">
      <value>Conn_01x02</value>
      <footprint>lib_fp:TGD_ESC_SigPads</footprint>
      <datasheet>~</datasheet>
      <fields>
        <field name="LCSC">~</field>
      </fields>
      <libsource lib="Connector_Generic" part="Conn_01x02" description="Generic connector, single row, 01x02, script generated (kicad-library-utils/schlib/autogen/connector/)"/>
      <sheetpath names="/" tstamps="/"/>
      <tstamp>6121DE23</tstamp>
    </comp>
    <comp ref="J23">
      <value>ESC_VDD</value>
      <footprint>lib_fp:TGD_ESC_PwrPad2</footprint>
      <datasheet>~</datasheet>
      <fields>
        <field name="LCSC">~</field>
      </fields>
      <libsource lib="Connector_Generic" part="Conn_01x01" description="Generic connector, single row, 01x01, script generated (kicad-library-utils/schlib/autogen/connector/)"/>
      <sheetpath names="/" tstamps="/"/>
      <tstamp>612B1F56</tstamp>
    </comp>
    <comp ref="J24">
      <value>ESC_GND</value>
      <footprint>lib_fp:TGD_ESC_PwrPad2</footprint>
      <datasheet>~</datasheet>
      <fields>
        <field name="LCSC">~</field>
      </fields>
      <libsource lib="Connector_Generic" part="Conn_01x01" description="Generic connector, single row, 01x01, script generated (kicad-library-utils/schlib/autogen/connector/)"/>
      <sheetpath names="/" tstamps="/"/>
      <tstamp>612B36FE</tstamp>
    </comp>
    <comp ref="J22">
      <value>Battery Low</value>
      <footprint>lib_fp:TGD-AMASS_XT30PW-M</footprint>
      <datasheet>~</datasheet>
      <fields>
        <field name="LCSC">~</field>
      </fields>
      <libsource lib="Connector_Generic" part="Conn_01x02" description="Generic connector, single row, 01x02, script generated (kicad-library-utils/schlib/autogen/connector/)"/>
      <sheetpath names="/" tstamps="/"/>
      <tstamp>6132DAB2</tstamp>
    </comp>
    <comp ref="J4">
      <value>USB_B_Micro</value>
      <footprint>lib_fp:USB_Micro-B_uxcell</footprint>
      <datasheet>~</datasheet>
      <fields>
        <field name="LCSC">~</field>
      </fields>
      <libsource lib="Connector" part="USB_B_Micro" description="USB Micro Type B connector"/>
      <sheetpath names="/" tstamps="/"/>
      <tstamp>6133AFA9</tstamp>
    </comp>
    <comp ref="J20">
      <value>FT_switch</value>
      <footprint>lib_fp:FT_Switch_Vertical</footprint>
      <datasheet>~</datasheet>
      <fields>
        <field name="LCSC">~</field>
      </fields>
      <libsource lib="Connector_Generic" part="Conn_01x02" description="Generic connector, single row, 01x02, script generated (kicad-library-utils/schlib/autogen/connector/)"/>
      <sheetpath names="/" tstamps="/"/>
      <tstamp>613507A3</tstamp>
    </comp>
    <comp ref="D12">
      <value>R50RB2-F-0160</value>
      <footprint>lib_fp:R50RB2-F-0160</footprint>
      <datasheet>https://www.bivar.com/parts_content/Datasheets/R50RB2-F-0160.pdf</datasheet>
      <fields>
        <field name="LCSC">~</field>
      </fields>
      <libsource lib="TGD100" part="R50RB2-F-0160" description=""/>
      <sheetpath names="/" tstamps="/"/>
      <tstamp>6136F908</tstamp>
    </comp>
    <comp ref="J21">
      <value>Battery High</value>
      <footprint>lib_fp:TGD-AMASS_XT30PW-M</footprint>
      <datasheet>~</datasheet>
      <fields>
        <field name="LCSC">~</field>
      </fields>
      <libsource lib="Connector_Generic" part="Conn_01x02" description="Generic connector, single row, 01x02, script generated (kicad-library-utils/schlib/autogen/connector/)"/>
      <sheetpath names="/" tstamps="/"/>
      <tstamp>613BC98F</tstamp>
    </comp>
    <comp ref="U40">
      <value>LE25U40CMD</value>
      <footprint>Package_SO:SOIC-8_3.9x4.9mm_P1.27mm</footprint>
      <datasheet>https://lcsc.com/product-detail/NOR-FLASH_ON-Semiconductor-LE25U40CMDTWG_C146750.html</datasheet>
      <fields>
        <field name="LCSC">C146750</field>
      </fields>
      <libsource lib="TGD100" part="LE25U40CMD" description=""/>
      <sheetpath names="/" tstamps="/"/>
      <tstamp>615A49DE</tstamp>
    </comp>
    <comp ref="C40">
      <value>100nF</value>
      <footprint>Capacitor_SMD:C_0603_1608Metric</footprint>
      <datasheet>https://lcsc.com/product-detail/Multilayer-Ceramic-Capacitors-MLCC-SMD-SMT_YAGEO-CC0603KRX7R9BB104_C14663.html</datasheet>
      <fields>
        <field name="LCSC">C14663</field>
      </fields>
      <libsource lib="Device" part="C" description="Unpolarized capacitor"/>
      <sheetpath names="/" tstamps="/"/>
      <tstamp>615F7409</tstamp>
    </comp>
    <comp ref="U1">
      <value>STM32F030C8Tx</value>
      <footprint>Package_QFP:LQFP-48_7x7mm_P0.5mm</footprint>
      <datasheet>https://lcsc.com/product-detail/ST-Microelectronics_STMicroelectronics-STM32F030C8T6_C23922.html</datasheet>
      <fields>
        <field name="LCSC">C23922</field>
      </fields>
      <libsource lib="MCU_ST_STM32F0" part="STM32F030C8Tx" description="ARM Cortex-M0 MCU, 64KB flash, 8KB RAM, 48MHz, 2.4-3.6V, 39 GPIO, LQFP-48"/>
      <sheetpath names="/" tstamps="/"/>
      <tstamp>61344909</tstamp>
    </comp>
    <comp ref="C6">
      <value>15pF</value>
      <footprint>Capacitor_SMD:C_0603_1608Metric</footprint>
      <datasheet>https://lcsc.com/product-detail/Multilayer-Ceramic-Capacitors-MLCC-SMD-SMT_Samsung-Electro-Mechanics-CL10C150JB8NNNC_C1644.html</datasheet>
      <fields>
        <field name="LCSC">C1644</field>
      </fields>
      <libsource lib="Device" part="C_Small" description="Unpolarized capacitor, small symbol"/>
      <sheetpath names="/" tstamps="/"/>
      <tstamp>60D6E77D</tstamp>
    </comp>
    <comp ref="C5">
      <value>15pF</value>
      <footprint>Capacitor_SMD:C_0603_1608Metric</footprint>
      <datasheet>https://lcsc.com/product-detail/Multilayer-Ceramic-Capacitors-MLCC-SMD-SMT_Samsung-Electro-Mechanics-CL10C150JB8NNNC_C1644.html</datasheet>
      <fields>
        <field name="LCSC">C1644</field>
      </fields>
      <libsource lib="Device" part="C_Small" description="Unpolarized capacitor, small symbol"/>
      <sheetpath names="/" tstamps="/"/>
      <tstamp>60D6B8A2</tstamp>
    </comp>
    <comp ref="U2">
      <value>Crystal_GND24</value>
      <footprint>Crystal:Crystal_SMD_5032-4Pin_5.0x3.2mm</footprint>
      <datasheet>https://lcsc.com/product-detail/SMD-Crystal-Resonators_Abracon-LLC-ABM3B-8-000MHZ-10-1-U-T_C276420.html</datasheet>
      <fields>
        <field name="LCSC">C276420</field>
      </fields>
      <libsource lib="Device" part="Crystal_GND24_Small" description="Four pin crystal, GND on pins 2 and 4, small symbol"/>
      <sheetpath names="/" tstamps="/"/>
      <tstamp>60D69191</tstamp>
    </comp>
    <comp ref="C3">
      <value>100nF</value>
      <footprint>Capacitor_SMD:C_0603_1608Metric</footprint>
      <datasheet>https://lcsc.com/product-detail/Multilayer-Ceramic-Capacitors-MLCC-SMD-SMT_YAGEO-CC0603KRX7R9BB104_C14663.html</datasheet>
      <fields>
        <field name="LCSC">C14663</field>
      </fields>
      <libsource lib="Device" part="C" description="Unpolarized capacitor"/>
      <sheetpath names="/" tstamps="/"/>
      <tstamp>60D64363</tstamp>
    </comp>
    <comp ref="C2">
      <value>100nF</value>
      <footprint>Capacitor_SMD:C_0603_1608Metric</footprint>
      <datasheet>https://lcsc.com/product-detail/Multilayer-Ceramic-Capacitors-MLCC-SMD-SMT_YAGEO-CC0603KRX7R9BB104_C14663.html</datasheet>
      <fields>
        <field name="LCSC">C14663</field>
      </fields>
      <libsource lib="Device" part="C" description="Unpolarized capacitor"/>
      <sheetpath names="/" tstamps="/"/>
      <tstamp>60D62B55</tstamp>
    </comp>
    <comp ref="C4">
      <value>100nF</value>
      <footprint>Capacitor_SMD:C_0603_1608Metric</footprint>
      <datasheet>https://lcsc.com/product-detail/Multilayer-Ceramic-Capacitors-MLCC-SMD-SMT_YAGEO-CC0603KRX7R9BB104_C14663.html</datasheet>
      <fields>
        <field name="LCSC">C14663</field>
      </fields>
      <libsource lib="Device" part="C" description="Unpolarized capacitor"/>
      <sheetpath names="/" tstamps="/"/>
      <tstamp>60D55DA2</tstamp>
    </comp>
    <comp ref="R1">
      <value>10K</value>
      <footprint>Resistor_SMD:R_0603_1608Metric_Pad0.98x0.95mm_HandSolder</footprint>
      <datasheet>https://lcsc.com/product-detail/Chip-Resistor-Surface-Mount_UNI-ROYAL-Uniroyal-Elec-0603WAF1002T5E_C25804.html</datasheet>
      <fields>
        <field name="LCSC">C25804</field>
      </fields>
      <libsource lib="Device" part="R" description="Resistor"/>
      <sheetpath names="/" tstamps="/"/>
      <tstamp>60D52EA7</tstamp>
    </comp>
    <comp ref="C1">
      <value>2.2uF</value>
      <footprint>Capacitor_SMD:C_0603_1608Metric</footprint>
      <datasheet>https://lcsc.com/product-detail/Multilayer-Ceramic-Capacitors-MLCC-SMD-SMT_Samsung-Electro-Mechanics-CL10A225KO8NNNC_C23630.html</datasheet>
      <fields>
        <field name="LCSC">C23630	</field>
      </fields>
      <libsource lib="Device" part="C" description="Unpolarized capacitor"/>
      <sheetpath names="/" tstamps="/"/>
      <tstamp>60D526FA</tstamp>
    </comp>
    <comp ref="J5">
      <value>Conn_01x05</value>
      <footprint>Connector_PinSocket_2.54mm:PinSocket_1x05_P2.54mm_Vertical</footprint>
      <datasheet>~</datasheet>
      <fields>
        <field name="LCSC">~</field>
      </fields>
      <libsource lib="Connector_Generic" part="Conn_01x05" description="Generic connector, single row, 01x05, script generated (kicad-library-utils/schlib/autogen/connector/)"/>
      <sheetpath names="/" tstamps="/"/>
      <tstamp>61A340A3</tstamp>
    </comp>
    <comp ref="J6">
      <value>Conn_01x06</value>
      <footprint>Connector_PinSocket_2.54mm:PinSocket_1x06_P2.54mm_Vertical</footprint>
      <datasheet>~</datasheet>
      <fields>
        <field name="LCSC">~</field>
      </fields>
      <libsource lib="Connector_Generic" part="Conn_01x06" description="Generic connector, single row, 01x06, script generated (kicad-library-utils/schlib/autogen/connector/)"/>
      <sheetpath names="/" tstamps="/"/>
      <tstamp>61A3500E</tstamp>
    </comp>
    <comp ref="H1">
      <value>MountingHole</value>
      <footprint>lib_fp:TGD_MountingHole</footprint>
      <datasheet>~</datasheet>
      <libsource lib="Mechanical" part="MountingHole" description="Mounting Hole without connection"/>
      <sheetpath names="/" tstamps="/"/>
      <tstamp>613F4FE4</tstamp>
    </comp>
    <comp ref="H2">
      <value>MountingHole</value>
      <footprint>lib_fp:TGD_MountingHole</footprint>
      <datasheet>~</datasheet>
      <libsource lib="Mechanical" part="MountingHole" description="Mounting Hole without connection"/>
      <sheetpath names="/" tstamps="/"/>
      <tstamp>613F5A45</tstamp>
    </comp>
    <comp ref="C103">
      <value>100nF</value>
      <footprint>Capacitor_SMD:C_0402_1005Metric</footprint>
      <datasheet>https://lcsc.com/product-detail/Multilayer-Ceramic-Capacitors-MLCC-SMD-SMT_Samsung-Electro-Mechanics-CL05B104KO5NNNC_C1525.html</datasheet>
      <fields>
        <field name="LCSC">C1525</field>
      </fields>
      <libsource lib="Device" part="C" description="Unpolarized capacitor"/>
      <sheetpath names="/sx1276/" tstamps="/60CFCF88/"/>
      <tstamp>6087E55B</tstamp>
    </comp>
    <comp ref="C105">
      <value>100nF</value>
      <footprint>Capacitor_SMD:C_0402_1005Metric</footprint>
      <datasheet>https://lcsc.com/product-detail/Multilayer-Ceramic-Capacitors-MLCC-SMD-SMT_Samsung-Electro-Mechanics-CL05B104KO5NNNC_C1525.html</datasheet>
      <fields>
        <field name="LCSC">C1525</field>
      </fields>
      <libsource lib="Device" part="C" description="Unpolarized capacitor"/>
      <sheetpath names="/sx1276/" tstamps="/60CFCF88/"/>
      <tstamp>6087E568</tstamp>
    </comp>
    <comp ref="C108">
      <value>100nF</value>
      <footprint>Capacitor_SMD:C_0402_1005Metric</footprint>
      <datasheet>https://lcsc.com/product-detail/Multilayer-Ceramic-Capacitors-MLCC-SMD-SMT_Samsung-Electro-Mechanics-CL05B104KO5NNNC_C1525.html</datasheet>
      <fields>
        <field name="LCSC">C1525</field>
      </fields>
      <libsource lib="Device" part="C" description="Unpolarized capacitor"/>
      <sheetpath names="/sx1276/" tstamps="/60CFCF88/"/>
      <tstamp>6087E57C</tstamp>
    </comp>
    <comp ref="C106">
      <value>47pF</value>
      <footprint>Capacitor_SMD:C_0402_1005Metric</footprint>
      <datasheet>https://lcsc.com/product-detail/Multilayer-Ceramic-Capacitors-MLCC-SMD-SMT_FH-Guangdong-Fenghua-Advanced-Tech-0402CG470J500NT_C1567.html</datasheet>
      <fields>
        <field name="LCSC">C1567</field>
      </fields>
      <libsource lib="Device" part="C" description="Unpolarized capacitor"/>
      <sheetpath names="/sx1276/" tstamps="/60CFCF88/"/>
      <tstamp>6087E58B</tstamp>
    </comp>
    <comp ref="C107">
      <value>100nF</value>
      <footprint>Capacitor_SMD:C_0402_1005Metric</footprint>
      <datasheet>https://lcsc.com/product-detail/Multilayer-Ceramic-Capacitors-MLCC-SMD-SMT_Samsung-Electro-Mechanics-CL05B104KO5NNNC_C1525.html</datasheet>
      <fields>
        <field name="LCSC">C1525</field>
      </fields>
      <libsource lib="Device" part="C" description="Unpolarized capacitor"/>
      <sheetpath names="/sx1276/" tstamps="/60CFCF88/"/>
      <tstamp>6087E598</tstamp>
    </comp>
    <comp ref="C104">
      <value>100nF</value>
      <footprint>Capacitor_SMD:C_0402_1005Metric</footprint>
      <datasheet>https://lcsc.com/product-detail/Multilayer-Ceramic-Capacitors-MLCC-SMD-SMT_Samsung-Electro-Mechanics-CL05B104KO5NNNC_C1525.html</datasheet>
      <fields>
        <field name="LCSC">C1525</field>
      </fields>
      <libsource lib="Device" part="C" description="Unpolarized capacitor"/>
      <sheetpath names="/sx1276/" tstamps="/60CFCF88/"/>
      <tstamp>6087E5AD</tstamp>
    </comp>
    <comp ref="C101">
      <value>15pF</value>
      <footprint>Capacitor_SMD:C_0402_1005Metric</footprint>
      <datasheet>https://lcsc.com/product-detail/Multilayer-Ceramic-Capacitors-MLCC-SMD-SMT_FH-Guangdong-Fenghua-Advanced-Tech-0402CG150J500NT_C1548.html</datasheet>
      <fields>
        <field name="LCSC">C1548</field>
      </fields>
      <libsource lib="Device" part="C" description="Unpolarized capacitor"/>
      <sheetpath names="/sx1276/" tstamps="/60CFCF88/"/>
      <tstamp>6087E5C4</tstamp>
    </comp>
    <comp ref="C102">
      <value>15pF</value>
      <footprint>Capacitor_SMD:C_0402_1005Metric</footprint>
      <datasheet>https://lcsc.com/product-detail/Multilayer-Ceramic-Capacitors-MLCC-SMD-SMT_FH-Guangdong-Fenghua-Advanced-Tech-0402CG150J500NT_C1548.html</datasheet>
      <fields>
        <field name="LCSC">C1548</field>
      </fields>
      <libsource lib="Device" part="C" description="Unpolarized capacitor"/>
      <sheetpath names="/sx1276/" tstamps="/60CFCF88/"/>
      <tstamp>6087E5D1</tstamp>
    </comp>
    <comp ref="U101">
      <value>Crystal_GND24</value>
      <footprint>Crystal:Crystal_SMD_3225-4Pin_3.2x2.5mm</footprint>
      <datasheet>https://lcsc.com/product-detail/SMD-Crystal-Resonators_KDS-Daishinku-1C232000AA0B_C253728.html</datasheet>
      <fields>
        <field name="LCSC">C253728</field>
      </fields>
      <libsource lib="Device" part="Crystal_GND24" description="Four pin crystal, GND on pins 2 and 4"/>
      <sheetpath names="/sx1276/" tstamps="/60CFCF88/"/>
      <tstamp>6087E5DE</tstamp>
    </comp>
    <comp ref="L100">
      <value>10nH</value>
      <footprint>Inductor_SMD:L_0402_1005Metric</footprint>
      <datasheet>https://lcsc.com/product-detail/HF-Inductors_Sunlord-SDCL1005C10NJTDF_C27147.html</datasheet>
      <fields>
        <field name="LCSC">C27147</field>
      </fields>
      <libsource lib="Device" part="L" description="Inductor"/>
      <sheetpath names="/sx1276/" tstamps="/60CFCF88/"/>
      <tstamp>6087E639</tstamp>
    </comp>
    <comp ref="C110">
      <value>3.3pF</value>
      <footprint>Capacitor_SMD:C_0402_1005Metric</footprint>
      <datasheet>https://lcsc.com/product-detail/Multilayer-Ceramic-Capacitors-MLCC-SMD-SMT_FH-Guangdong-Fenghua-Advanced-Tech-0402CG3R3C500NT_C1565.html</datasheet>
      <fields>
        <field name="LCSC">C1565</field>
      </fields>
      <libsource lib="Device" part="C" description="Unpolarized capacitor"/>
      <sheetpath names="/sx1276/" tstamps="/60CFCF88/"/>
      <tstamp>6087E640</tstamp>
    </comp>
    <comp ref="C109">
      <value>47pF</value>
      <footprint>Capacitor_SMD:C_0402_1005Metric</footprint>
      <datasheet>https://lcsc.com/product-detail/Multilayer-Ceramic-Capacitors-MLCC-SMD-SMT_FH-Guangdong-Fenghua-Advanced-Tech-0402CG470J500NT_C1567.html</datasheet>
      <fields>
        <field name="LCSC">C1567</field>
      </fields>
      <libsource lib="Device" part="C" description="Unpolarized capacitor"/>
      <sheetpath names="/sx1276/" tstamps="/60CFCF88/"/>
      <tstamp>6087E65E</tstamp>
    </comp>
    <comp ref="J100">
      <value>Conn_01x01_Female</value>
      <footprint>Connector_PinHeader_2.54mm:PinHeader_1x01_P2.54mm_Vertical</footprint>
      <datasheet>~</datasheet>
      <fields>
        <field name="LCSC">~</field>
      </fields>
      <libsource lib="Connector" part="Conn_01x01_Female" description="Generic connector, single row, 01x01, script generated (kicad-library-utils/schlib/autogen/connector/)"/>
      <sheetpath names="/sx1276/" tstamps="/60CFCF88/"/>
      <tstamp>6087E7F0</tstamp>
    </comp>
    <comp ref="R100">
      <value>10K</value>
      <footprint>Resistor_SMD:R_0603_1608Metric_Pad0.98x0.95mm_HandSolder</footprint>
      <datasheet>https://lcsc.com/product-detail/Chip-Resistor-Surface-Mount_UNI-ROYAL-Uniroyal-Elec-0603WAF1002T5E_C25804.html</datasheet>
      <fields>
        <field name="LCSC">C25804</field>
      </fields>
      <libsource lib="Device" part="R" description="Resistor"/>
      <sheetpath names="/sx1276/" tstamps="/60CFCF88/"/>
      <tstamp>60D19A26</tstamp>
    </comp>
    <comp ref="U100">
      <value>SX1276</value>
      <footprint>Package_DFN_QFN:QFN-28-1EP_6x6mm_P0.65mm_EP4.8x4.8mm</footprint>
      <datasheet>https://lcsc.com/product-detail/RF-Transceiver-ICs_SEMTECH-SX1276IMLTRT_C80171.html/?href=jlc-SMT</datasheet>
      <fields>
        <field name="LCSC">C80171</field>
      </fields>
      <libsource lib="TGD100" part="SX1276" description=""/>
      <sheetpath names="/sx1276/" tstamps="/60CFCF88/"/>
      <tstamp>6087E550</tstamp>
    </comp>
    <comp ref="C100">
      <value>2.2uF</value>
      <footprint>Capacitor_SMD:C_0603_1608Metric</footprint>
      <datasheet>https://lcsc.com/product-detail/Multilayer-Ceramic-Capacitors-MLCC-SMD-SMT_Samsung-Electro-Mechanics-CL10A225KO8NNNC_C23630.html</datasheet>
      <fields>
        <field name="LCSC">C23630	</field>
      </fields>
      <libsource lib="Device" part="C" description="Unpolarized capacitor"/>
      <sheetpath names="/sx1276/" tstamps="/60CFCF88/"/>
      <tstamp>60DB4F27</tstamp>
    </comp>
  </components>
  <libparts>
    <libpart lib="Connector" part="Conn_01x01_Female">
      <description>Generic connector, single row, 01x01, script generated (kicad-library-utils/schlib/autogen/connector/)</description>
      <docs>~</docs>
      <footprints>
        <fp>Connector*:*</fp>
      </footprints>
      <fields>
        <field name="Reference">J</field>
        <field name="Value">Conn_01x01_Female</field>
      </fields>
      <pins>
        <pin num="1" name="Pin_1" type="passive"/>
      </pins>
    </libpart>
    <libpart lib="Connector" part="USB_B_Micro">
      <aliases>
        <alias>USB_B_Mini</alias>
      </aliases>
      <description>USB Micro Type B connector</description>
      <docs>~</docs>
      <footprints>
        <fp>USB*</fp>
      </footprints>
      <fields>
        <field name="Reference">J</field>
        <field name="Value">USB_B_Micro</field>
      </fields>
      <pins>
        <pin num="1" name="VBUS" type="power_out"/>
        <pin num="2" name="D-" type="BiDi"/>
        <pin num="3" name="D+" type="BiDi"/>
        <pin num="4" name="ID" type="passive"/>
        <pin num="5" name="GND" type="power_out"/>
        <pin num="6" name="Shield" type="passive"/>
      </pins>
    </libpart>
    <libpart lib="Connector_Generic" part="Conn_01x01">
      <description>Generic connector, single row, 01x01, script generated (kicad-library-utils/schlib/autogen/connector/)</description>
      <docs>~</docs>
      <footprints>
        <fp>Connector*:*_1x??_*</fp>
      </footprints>
      <fields>
        <field name="Reference">J</field>
        <field name="Value">Conn_01x01</field>
      </fields>
      <pins>
        <pin num="1" name="Pin_1" type="passive"/>
      </pins>
    </libpart>
    <libpart lib="Connector_Generic" part="Conn_01x02">
      <description>Generic connector, single row, 01x02, script generated (kicad-library-utils/schlib/autogen/connector/)</description>
      <docs>~</docs>
      <footprints>
        <fp>Connector*:*_1x??_*</fp>
      </footprints>
      <fields>
        <field name="Reference">J</field>
        <field name="Value">Conn_01x02</field>
      </fields>
      <pins>
        <pin num="1" name="Pin_1" type="passive"/>
        <pin num="2" name="Pin_2" type="passive"/>
      </pins>
    </libpart>
    <libpart lib="Connector_Generic" part="Conn_01x05">
      <description>Generic connector, single row, 01x05, script generated (kicad-library-utils/schlib/autogen/connector/)</description>
      <docs>~</docs>
      <footprints>
        <fp>Connector*:*_1x??_*</fp>
      </footprints>
      <fields>
        <field name="Reference">J</field>
        <field name="Value">Conn_01x05</field>
      </fields>
      <pins>
        <pin num="1" name="Pin_1" type="passive"/>
        <pin num="2" name="Pin_2" type="passive"/>
        <pin num="3" name="Pin_3" type="passive"/>
        <pin num="4" name="Pin_4" type="passive"/>
        <pin num="5" name="Pin_5" type="passive"/>
      </pins>
    </libpart>
    <libpart lib="Connector_Generic" part="Conn_01x06">
      <description>Generic connector, single row, 01x06, script generated (kicad-library-utils/schlib/autogen/connector/)</description>
      <docs>~</docs>
      <footprints>
        <fp>Connector*:*_1x??_*</fp>
      </footprints>
      <fields>
        <field name="Reference">J</field>
        <field name="Value">Conn_01x06</field>
      </fields>
      <pins>
        <pin num="1" name="Pin_1" type="passive"/>
        <pin num="2" name="Pin_2" type="passive"/>
        <pin num="3" name="Pin_3" type="passive"/>
        <pin num="4" name="Pin_4" type="passive"/>
        <pin num="5" name="Pin_5" type="passive"/>
        <pin num="6" name="Pin_6" type="passive"/>
      </pins>
    </libpart>
    <libpart lib="Device" part="C">
      <description>Unpolarized capacitor</description>
      <docs>~</docs>
      <footprints>
        <fp>C_*</fp>
      </footprints>
      <fields>
        <field name="Reference">C</field>
        <field name="Value">C</field>
      </fields>
      <pins>
        <pin num="1" name="~" type="passive"/>
        <pin num="2" name="~" type="passive"/>
      </pins>
    </libpart>
    <libpart lib="Device" part="C_Small">
      <description>Unpolarized capacitor, small symbol</description>
      <docs>~</docs>
      <footprints>
        <fp>C_*</fp>
      </footprints>
      <fields>
        <field name="Reference">C</field>
        <field name="Value">C_Small</field>
      </fields>
      <pins>
        <pin num="1" name="~" type="passive"/>
        <pin num="2" name="~" type="passive"/>
      </pins>
    </libpart>
    <libpart lib="Device" part="Crystal_GND24">
      <description>Four pin crystal, GND on pins 2 and 4</description>
      <docs>~</docs>
      <footprints>
        <fp>Crystal*</fp>
      </footprints>
      <fields>
        <field name="Reference">Y</field>
        <field name="Value">Crystal_GND24</field>
      </fields>
      <pins>
        <pin num="1" name="1" type="passive"/>
        <pin num="2" name="2" type="passive"/>
        <pin num="3" name="3" type="passive"/>
        <pin num="4" name="4" type="passive"/>
      </pins>
    </libpart>
    <libpart lib="Device" part="Crystal_GND24_Small">
      <description>Four pin crystal, GND on pins 2 and 4, small symbol</description>
      <docs>~</docs>
      <footprints>
        <fp>Crystal*</fp>
      </footprints>
      <fields>
        <field name="Reference">Y</field>
        <field name="Value">Crystal_GND24_Small</field>
      </fields>
      <pins>
        <pin num="1" name="1" type="passive"/>
        <pin num="2" name="2" type="passive"/>
        <pin num="3" name="3" type="passive"/>
        <pin num="4" name="4" type="passive"/>
      </pins>
    </libpart>
    <libpart lib="Device" part="L">
      <description>Inductor</description>
      <docs>~</docs>
      <footprints>
        <fp>Choke_*</fp>
        <fp>*Coil*</fp>
        <fp>Inductor_*</fp>
        <fp>L_*</fp>
      </footprints>
      <fields>
        <field name="Reference">L</field>
        <field name="Value">L</field>
      </fields>
      <pins>
        <pin num="1" name="1" type="passive"/>
        <pin num="2" name="2" type="passive"/>
      </pins>
    </libpart>
    <libpart lib="Device" part="LED">
      <description>Light emitting diode</description>
      <docs>~</docs>
      <footprints>
        <fp>LED*</fp>
        <fp>LED_SMD:*</fp>
        <fp>LED_THT:*</fp>
      </footprints>
      <fields>
        <field name="Reference">D</field>
        <field name="Value">LED</field>
      </fields>
      <pins>
        <pin num="1" name="K" type="passive"/>
        <pin num="2" name="A" type="passive"/>
      </pins>
    </libpart>
    <libpart lib="Device" part="R">
      <description>Resistor</description>
      <docs>~</docs>
      <footprints>
        <fp>R_*</fp>
      </footprints>
      <fields>
        <field name="Reference">R</field>
        <field name="Value">R</field>
      </fields>
      <pins>
        <pin num="1" name="~" type="passive"/>
        <pin num="2" name="~" type="passive"/>
      </pins>
    </libpart>
    <libpart lib="MCU_ST_STM32F0" part="STM32F030C8Tx">
      <description>ARM Cortex-M0 MCU, 64KB flash, 8KB RAM, 48MHz, 2.4-3.6V, 39 GPIO, LQFP-48</description>
      <docs>http://www.st.com/st-web-ui/static/active/en/resource/technical/document/datasheet/DM00088500.pdf</docs>
      <footprints>
        <fp>LQFP*7x7mm*P0.5mm*</fp>
      </footprints>
      <fields>
        <field name="Reference">U</field>
        <field name="Value">STM32F030C8Tx</field>
        <field name="Footprint">Package_QFP:LQFP-48_7x7mm_P0.5mm</field>
      </fields>
      <pins>
        <pin num="1" name="VDD" type="power_in"/>
        <pin num="2" name="PC13" type="BiDi"/>
        <pin num="3" name="PC14" type="BiDi"/>
        <pin num="4" name="PC15" type="BiDi"/>
        <pin num="5" name="PF0" type="input"/>
        <pin num="6" name="PF1" type="input"/>
        <pin num="7" name="NRST" type="input"/>
        <pin num="8" name="VSSA" type="power_in"/>
        <pin num="9" name="VDDA" type="power_in"/>
        <pin num="10" name="PA0" type="BiDi"/>
        <pin num="11" name="PA1" type="BiDi"/>
        <pin num="12" name="PA2" type="BiDi"/>
        <pin num="13" name="PA3" type="BiDi"/>
        <pin num="14" name="PA4" type="BiDi"/>
        <pin num="15" name="PA5" type="BiDi"/>
        <pin num="16" name="PA6" type="BiDi"/>
        <pin num="17" name="PA7" type="BiDi"/>
        <pin num="18" name="PB0" type="BiDi"/>
        <pin num="19" name="PB1" type="BiDi"/>
        <pin num="20" name="PB2" type="BiDi"/>
        <pin num="21" name="PB10" type="BiDi"/>
        <pin num="22" name="PB11" type="BiDi"/>
        <pin num="23" name="VSS" type="power_in"/>
        <pin num="24" name="VDD" type="power_in"/>
        <pin num="25" name="PB12" type="BiDi"/>
        <pin num="26" name="PB13" type="BiDi"/>
        <pin num="27" name="PB14" type="BiDi"/>
        <pin num="28" name="PB15" type="BiDi"/>
        <pin num="29" name="PA8" type="BiDi"/>
        <pin num="30" name="PA9" type="BiDi"/>
        <pin num="31" name="PA10" type="BiDi"/>
        <pin num="32" name="PA11" type="BiDi"/>
        <pin num="33" name="PA12" type="BiDi"/>
        <pin num="34" name="PA13" type="BiDi"/>
        <pin num="35" name="PF6" type="BiDi"/>
        <pin num="36" name="PF7" type="BiDi"/>
        <pin num="37" name="PA14" type="BiDi"/>
        <pin num="38" name="PA15" type="BiDi"/>
        <pin num="39" name="PB3" type="BiDi"/>
        <pin num="40" name="PB4" type="BiDi"/>
        <pin num="41" name="PB5" type="BiDi"/>
        <pin num="42" name="PB6" type="BiDi"/>
        <pin num="43" name="PB7" type="BiDi"/>
        <pin num="44" name="BOOT0" type="input"/>
        <pin num="45" name="PB8" type="BiDi"/>
        <pin num="46" name="PB9" type="BiDi"/>
        <pin num="47" name="VSS" type="power_in"/>
        <pin num="48" name="VDD" type="power_in"/>
      </pins>
    </libpart>
    <libpart lib="Mechanical" part="MountingHole">
      <description>Mounting Hole without connection</description>
      <docs>~</docs>
      <footprints>
        <fp>MountingHole*</fp>
      </footprints>
      <fields>
        <field name="Reference">H</field>
        <field name="Value">MountingHole</field>
      </fields>
    </libpart>
    <libpart lib="TGD100" part="H3LIS331DL">
      <fields>
        <field name="Reference">U</field>
        <field name="Value">H3LIS331DL</field>
      </fields>
      <pins>
        <pin num="1" name="VDDIO" type="power_in"/>
        <pin num="2" name="NC" type="NotConnected"/>
        <pin num="3" name="NC" type="NotConnected"/>
        <pin num="4" name="SCK" type="input"/>
        <pin num="5" name="GND" type="power_in"/>
        <pin num="6" name="MOSI" type="input"/>
        <pin num="7" name="MISO" type="output"/>
        <pin num="8" name="CS" type="output"/>
        <pin num="9" name="INT2" type="output"/>
        <pin num="10" name="GNDR" type="power_in"/>
        <pin num="11" name="INT1" type="output"/>
        <pin num="12" name="GND" type="power_in"/>
        <pin num="13" name="GND" type="power_in"/>
        <pin num="14" name="VDD" type="power_in"/>
        <pin num="15" name="VDDR" type="power_in"/>
        <pin num="16" name="GND" type="power_in"/>
      </pins>
    </libpart>
    <libpart lib="TGD100" part="LE25U40CMD">
      <fields>
        <field name="Reference">U</field>
        <field name="Value">LE25U40CMD</field>
      </fields>
      <pins>
        <pin num="1" name="CS" type="input"/>
        <pin num="2" name="SO/SIO1" type="input"/>
        <pin num="3" name="WP" type="input"/>
        <pin num="4" name="VSS" type="input"/>
        <pin num="5" name="SI/SIO0" type="input"/>
        <pin num="6" name="SCK" type="input"/>
        <pin num="7" name="HOLD" type="input"/>
        <pin num="8" name="VDD" type="input"/>
      </pins>
    </libpart>
    <libpart lib="TGD100" part="R50RB2-F-0160">
      <fields>
        <field name="Reference">D</field>
        <field name="Value">R50RB2-F-0160</field>
      </fields>
      <pins>
        <pin num="1" name="NC" type="input"/>
        <pin num="2" name="COM_CA" type="input"/>
        <pin num="3" name="BLUE_AN" type="input"/>
        <pin num="4" name="RED_AN" type="input"/>
      </pins>
    </libpart>
    <libpart lib="TGD100" part="SX1276">
      <footprints>
        <fp>QFN*1EP*6x6mm*P0.65mm*</fp>
      </footprints>
      <fields>
        <field name="Reference">U</field>
        <field name="Value">SX1276</field>
        <field name="Footprint">Package_DFN_QFN:QFN-28-1EP_6x6mm_P0.65mm_EP4.8x4.8mm</field>
      </fields>
      <pins>
        <pin num="1" name="RFI_LF" type="output"/>
        <pin num="2" name="VR_ANA" type="power_in"/>
        <pin num="3" name="VBAT_ANA_1" type="power_in"/>
        <pin num="4" name="VR_DIG" type="power_in"/>
        <pin num="5" name="XTA" type="BiDi"/>
        <pin num="6" name="XTB" type="BiDi"/>
        <pin num="7" name="NRESET" type="input"/>
        <pin num="8" name="DIO0" type="BiDi"/>
        <pin num="9" name="DIO1" type="BiDi"/>
        <pin num="10" name="DIO2" type="BiDi"/>
        <pin num="11" name="DIO3" type="BiDi"/>
        <pin num="12" name="DIO4" type="BiDi"/>
        <pin num="13" name="DIO5" type="BiDi"/>
        <pin num="14" name="VBAT_DIG_3" type="power_in"/>
        <pin num="15" name="GND" type="power_in"/>
        <pin num="16" name="SCK" type="input"/>
        <pin num="17" name="MISO" type="output"/>
        <pin num="18" name="MOSI" type="input"/>
        <pin num="19" name="~CS~" type="input"/>
        <pin num="20" name="RF_MOD" type="output"/>
        <pin num="21" name="RFI_HF" type="output"/>
        <pin num="22" name="RFO_HF" type="input"/>
        <pin num="23" name="GND" type="power_in"/>
        <pin num="24" name="VBAT_RF_2" type="power_in"/>
        <pin num="25" name="VR_PA" type="power_in"/>
        <pin num="26" name="GND" type="power_in"/>
        <pin num="27" name="PA_BOOST" type="power_out"/>
        <pin num="28" name="RFO_LF" type="input"/>
        <pin num="29" name="GND_PAD" type="power_in"/>
      </pins>
    </libpart>
    <libpart lib="TGD100" part="SY8253ADC">
      <fields>
        <field name="Reference">U</field>
        <field name="Value">SY8253ADC</field>
      </fields>
      <pins>
        <pin num="1" name="BS" type="input"/>
        <pin num="2" name="GND" type="power_in"/>
        <pin num="3" name="FB" type="input"/>
        <pin num="4" name="EN" type="input"/>
        <pin num="5" name="IN" type="power_in"/>
        <pin num="6" name="LX" type="output"/>
      </pins>
    </libpart>
    <libpart lib="Transistor_FET" part="TP0610T">
      <aliases>
        <alias>VP0610T</alias>
        <alias>BSS84</alias>
        <alias>NTR2101P</alias>
        <alias>BSS83P</alias>
        <alias>Si2319CDS</alias>
        <alias>IRLML6401</alias>
        <alias>IRLML6402</alias>
        <alias>DMG2301L</alias>
        <alias>AO3401A</alias>
        <alias>IRLML9301</alias>
        <alias>IRLML5203</alias>
        <alias>Si2371EDS</alias>
        <alias>TSM2301ACX</alias>
        <alias>FDN340P</alias>
      </aliases>
      <description>-0.18A Id, -60V Vds, P-Channel MOSFET, SOT-23</description>
      <docs>http://www.vishay.com/docs/70209/70209.pdf</docs>
      <footprints>
        <fp>SOT?23*</fp>
      </footprints>
      <fields>
        <field name="Reference">Q</field>
        <field name="Value">TP0610T</field>
        <field name="Footprint">Package_TO_SOT_SMD:SOT-23</field>
      </fields>
      <pins>
        <pin num="1" name="G" type="input"/>
        <pin num="2" name="S" type="passive"/>
        <pin num="3" name="D" type="passive"/>
      </pins>
    </libpart>
  </libparts>
  <libraries>
    <library logical="Connector">
      <uri>C:\Program Files\KiCad\share\kicad\library/Connector.lib</uri>
    </library>
    <library logical="Connector_Generic">
      <uri>C:\Program Files\KiCad\share\kicad\library/Connector_Generic.lib</uri>
    </library>
    <library logical="Device">
      <uri>C:\Program Files\KiCad\share\kicad\library/Device.lib</uri>
    </library>
    <library logical="MCU_ST_STM32F0">
      <uri>C:\Program Files\KiCad\share\kicad\library/MCU_ST_STM32F0.lib</uri>
    </library>
    <library logical="Mechanical">
      <uri>C:\Program Files\KiCad\share\kicad\library/Mechanical.lib</uri>
    </library>
    <library logical="TGD100">
      <uri>C:\Users\Jacob\Documents\KiCAD\TGD100/lib_sch/TGD100.lib</uri>
    </library>
    <library logical="Transistor_FET">
      <uri>C:\Program Files\KiCad\share\kicad\library/Transistor_FET.lib</uri>
    </library>
  </libraries>
  <nets>
    <net code="1" name="+3V3">
      <node ref="U30" pin="1"/>
      <node ref="C104" pin="1"/>
      <node ref="J5" pin="1"/>
      <node ref="U30" pin="14"/>
      <node ref="C107" pin="1"/>
      <node ref="U30" pin="15"/>
      <node ref="C106" pin="1"/>
      <node ref="U1" pin="48"/>
      <node ref="U100" pin="24"/>
      <node ref="U40" pin="8"/>
      <node ref="U40" pin="7"/>
      <node ref="U40" pin="3"/>
      <node ref="C108" pin="1"/>
      <node ref="C31" pin="1"/>
      <node ref="U100" pin="14"/>
      <node ref="C1" pin="1"/>
      <node ref="C2" pin="1"/>
      <node ref="C3" pin="1"/>
      <node ref="U1" pin="9"/>
      <node ref="R100" pin="1"/>
      <node ref="C100" pin="1"/>
      <node ref="U100" pin="3"/>
      <node ref="R20" pin="1"/>
      <node ref="J4" pin="1"/>
      <node ref="C22" pin="1"/>
      <node ref="U1" pin="24"/>
      <node ref="Q10" pin="2"/>
      <node ref="Q12" pin="2"/>
      <node ref="C23" pin="1"/>
      <node ref="Q11" pin="2"/>
      <node ref="R13" pin="1"/>
      <node ref="U1" pin="1"/>
      <node ref="C40" pin="1"/>
      <node ref="L20" pin="2"/>
    </net>
    <net code="2" name="Net-(U1-Pad11)">
      <node ref="U1" pin="11"/>
    </net>
    <net code="3" name="DOWN_LED">
      <node ref="U1" pin="22"/>
      <node ref="R10" pin="1"/>
    </net>
    <net code="4" name="RED_LED">
      <node ref="U1" pin="21"/>
      <node ref="R12" pin="1"/>
    </net>
    <net code="5" name="L_CS">
      <node ref="U100" pin="19"/>
      <node ref="U1" pin="20"/>
      <node ref="J6" pin="6"/>
    </net>
    <net code="6" name="Net-(U1-Pad2)">
      <node ref="U1" pin="2"/>
    </net>
    <net code="7" name="A_CS">
      <node ref="U1" pin="19"/>
      <node ref="J6" pin="5"/>
      <node ref="U30" pin="8"/>
    </net>
    <net code="8" name="Net-(U1-Pad14)">
      <node ref="U1" pin="14"/>
    </net>
    <net code="9" name="Net-(U1-Pad13)">
      <node ref="U1" pin="13"/>
    </net>
    <net code="10" name="Net-(U1-Pad12)">
      <node ref="U1" pin="12"/>
    </net>
    <net code="11" name="SNS_VIN">
      <node ref="C50" pin="1"/>
      <node ref="R51" pin="1"/>
      <node ref="U1" pin="10"/>
      <node ref="R50" pin="2"/>
    </net>
    <net code="12" name="Net-(D12-Pad4)">
      <node ref="R16" pin="2"/>
      <node ref="D12" pin="4"/>
    </net>
    <net code="13" name="Net-(D12-Pad3)">
      <node ref="R15" pin="2"/>
      <node ref="D12" pin="3"/>
    </net>
    <net code="14" name="GND">
      <node ref="U30" pin="12"/>
      <node ref="J2" pin="1"/>
      <node ref="R21" pin="2"/>
      <node ref="J22" pin="1"/>
      <node ref="J3" pin="1"/>
      <node ref="C23" pin="2"/>
      <node ref="J24" pin="1"/>
      <node ref="R51" pin="2"/>
      <node ref="C31" pin="2"/>
      <node ref="U20" pin="2"/>
      <node ref="C20" pin="2"/>
      <node ref="C50" pin="2"/>
      <node ref="D11" pin="1"/>
      <node ref="D10" pin="1"/>
      <node ref="U30" pin="13"/>
      <node ref="U30" pin="10"/>
      <node ref="U30" pin="16"/>
      <node ref="U30" pin="5"/>
      <node ref="C102" pin="1"/>
      <node ref="J4" pin="6"/>
      <node ref="J4" pin="5"/>
      <node ref="C101" pin="1"/>
      <node ref="U101" pin="2"/>
      <node ref="U40" pin="4"/>
      <node ref="C110" pin="2"/>
      <node ref="C105" pin="2"/>
      <node ref="C103" pin="2"/>
      <node ref="C40" pin="2"/>
      <node ref="U1" pin="23"/>
      <node ref="U101" pin="4"/>
      <node ref="C5" pin="1"/>
      <node ref="D12" pin="2"/>
      <node ref="D12" pin="1"/>
      <node ref="U100" pin="23"/>
      <node ref="C108" pin="2"/>
      <node ref="C107" pin="2"/>
      <node ref="C106" pin="2"/>
      <node ref="R1" pin="1"/>
      <node ref="U1" pin="47"/>
      <node ref="C1" pin="2"/>
      <node ref="U100" pin="15"/>
      <node ref="U1" pin="8"/>
      <node ref="C100" pin="2"/>
      <node ref="U100" pin="26"/>
      <node ref="U100" pin="29"/>
      <node ref="C4" pin="1"/>
      <node ref="C6" pin="1"/>
      <node ref="U2" pin="2"/>
      <node ref="U2" pin="4"/>
      <node ref="C3" pin="2"/>
      <node ref="C2" pin="2"/>
      <node ref="J5" pin="5"/>
      <node ref="C104" pin="2"/>
    </net>
    <net code="15" name="Net-(J20-Pad2)">
      <node ref="J21" pin="1"/>
      <node ref="J20" pin="2"/>
    </net>
    <net code="16" name="Net-(J20-Pad1)">
      <node ref="J20" pin="1"/>
      <node ref="J22" pin="2"/>
    </net>
    <net code="17" name="P_SCK">
      <node ref="U1" pin="15"/>
      <node ref="U100" pin="16"/>
      <node ref="J6" pin="1"/>
      <node ref="U40" pin="6"/>
      <node ref="U30" pin="4"/>
    </net>
    <net code="18" name="P_MOSI">
      <node ref="U100" pin="18"/>
      <node ref="U30" pin="6"/>
      <node ref="J6" pin="3"/>
      <node ref="U40" pin="5"/>
      <node ref="U1" pin="17"/>
    </net>
    <net code="19" name="P_MISO">
      <node ref="J6" pin="2"/>
      <node ref="U30" pin="7"/>
      <node ref="U40" pin="2"/>
      <node ref="U100" pin="17"/>
      <node ref="U1" pin="16"/>
    </net>
    <net code="20" name="M_CS">
      <node ref="U40" pin="1"/>
      <node ref="U1" pin="18"/>
      <node ref="J6" pin="4"/>
    </net>
    <net code="21" name="BLUE_LED">
      <node ref="U1" pin="25"/>
      <node ref="R11" pin="1"/>
    </net>
    <net code="22" name="Net-(J4-Pad4)">
      <node ref="J4" pin="4"/>
    </net>
    <net code="23" name="Net-(C4-Pad2)">
      <node ref="U1" pin="7"/>
      <node ref="C4" pin="2"/>
    </net>
    <net code="24" name="Net-(R1-Pad2)">
      <node ref="U1" pin="44"/>
      <node ref="R1" pin="2"/>
    </net>
    <net code="25" name="Net-(C5-Pad2)">
      <node ref="C5" pin="2"/>
      <node ref="U2" pin="1"/>
      <node ref="U1" pin="5"/>
    </net>
    <net code="26" name="Net-(C6-Pad2)">
      <node ref="U1" pin="6"/>
      <node ref="U2" pin="3"/>
      <node ref="C6" pin="2"/>
    </net>
    <net code="27" name="Net-(U1-Pad38)">
      <node ref="U1" pin="38"/>
    </net>
    <net code="28" name="Net-(U1-Pad46)">
      <node ref="U1" pin="46"/>
    </net>
    <net code="29" name="F_PPM">
      <node ref="U1" pin="45"/>
      <node ref="J5" pin="4"/>
      <node ref="J2" pin="2"/>
    </net>
    <net code="30" name="B_PPM">
      <node ref="U1" pin="43"/>
      <node ref="J5" pin="3"/>
      <node ref="J3" pin="2"/>
    </net>
    <net code="31" name="Net-(U1-Pad42)">
      <node ref="U1" pin="42"/>
    </net>
    <net code="32" name="Net-(U1-Pad41)">
      <node ref="U1" pin="41"/>
    </net>
    <net code="33" name="Net-(U1-Pad40)">
      <node ref="U1" pin="40"/>
    </net>
    <net code="34" name="Net-(U1-Pad4)">
      <node ref="U1" pin="4"/>
    </net>
    <net code="35" name="L_INT">
      <node ref="U1" pin="39"/>
      <node ref="U100" pin="8"/>
      <node ref="J5" pin="2"/>
    </net>
    <net code="36" name="SWD_CLK">
      <node ref="U1" pin="37"/>
      <node ref="J4" pin="2"/>
    </net>
    <net code="37" name="Net-(U1-Pad36)">
      <node ref="U1" pin="36"/>
    </net>
    <net code="38" name="Net-(U1-Pad35)">
      <node ref="U1" pin="35"/>
    </net>
    <net code="39" name="SWD_DIO">
      <node ref="J4" pin="3"/>
      <node ref="U1" pin="34"/>
    </net>
    <net code="40" name="Net-(U1-Pad33)">
      <node ref="U1" pin="33"/>
    </net>
    <net code="41" name="Net-(U1-Pad32)">
      <node ref="U1" pin="32"/>
    </net>
    <net code="42" name="Net-(U1-Pad31)">
      <node ref="U1" pin="31"/>
    </net>
    <net code="43" name="Net-(U1-Pad30)">
      <node ref="U1" pin="30"/>
    </net>
    <net code="44" name="Net-(U1-Pad3)">
      <node ref="U1" pin="3"/>
    </net>
    <net code="45" name="Net-(U1-Pad29)">
      <node ref="U1" pin="29"/>
    </net>
    <net code="46" name="Net-(U1-Pad28)">
      <node ref="U1" pin="28"/>
    </net>
    <net code="47" name="Net-(U1-Pad27)">
      <node ref="U1" pin="27"/>
    </net>
    <net code="48" name="STRIP_LED">
      <node ref="U1" pin="26"/>
    </net>
    <net code="49" name="/sx1276/DIO1">
      <node ref="U100" pin="9"/>
    </net>
    <net code="50" name="Net-(D11-Pad2)">
      <node ref="D11" pin="2"/>
      <node ref="R14" pin="2"/>
    </net>
    <net code="51" name="Net-(Q12-Pad3)">
      <node ref="R16" pin="1"/>
      <node ref="Q12" pin="3"/>
    </net>
    <net code="52" name="Net-(Q11-Pad3)">
      <node ref="R15" pin="1"/>
      <node ref="Q11" pin="3"/>
    </net>
    <net code="53" name="VDD">
      <node ref="U20" pin="5"/>
      <node ref="U20" pin="4"/>
      <node ref="C20" pin="1"/>
      <node ref="J21" pin="2"/>
      <node ref="R50" pin="1"/>
      <node ref="J23" pin="1"/>
    </net>
    <net code="54" name="Net-(Q10-Pad3)">
      <node ref="R14" pin="1"/>
      <node ref="Q10" pin="3"/>
    </net>
    <net code="55" name="Net-(C22-Pad2)">
      <node ref="U20" pin="3"/>
      <node ref="R21" pin="1"/>
      <node ref="C22" pin="2"/>
      <node ref="R20" pin="2"/>
    </net>
    <net code="56" name="Net-(Q10-Pad1)">
      <node ref="Q10" pin="1"/>
      <node ref="R10" pin="2"/>
    </net>
    <net code="57" name="Net-(Q11-Pad1)">
      <node ref="Q11" pin="1"/>
      <node ref="R11" pin="2"/>
    </net>
    <net code="58" name="Net-(Q12-Pad1)">
      <node ref="R12" pin="2"/>
      <node ref="Q12" pin="1"/>
    </net>
    <net code="59" name="Net-(D10-Pad2)">
      <node ref="D10" pin="2"/>
      <node ref="R13" pin="2"/>
    </net>
    <net code="60" name="Net-(U30-Pad11)">
      <node ref="U30" pin="11"/>
    </net>
    <net code="61" name="Net-(U30-Pad9)">
      <node ref="U30" pin="9"/>
    </net>
    <net code="62" name="/sx1276/RST">
      <node ref="R100" pin="2"/>
      <node ref="U100" pin="7"/>
    </net>
    <net code="63" name="/sx1276/DIO5">
      <node ref="U100" pin="13"/>
    </net>
    <net code="64" name="/sx1276/DIO4">
      <node ref="U100" pin="12"/>
    </net>
    <net code="65" name="/sx1276/DIO3">
      <node ref="U100" pin="11"/>
    </net>
    <net code="66" name="/sx1276/DIO2">
      <node ref="U100" pin="10"/>
    </net>
    <net code="67" name="Net-(C21-Pad2)">
      <node ref="L20" pin="1"/>
      <node ref="C21" pin="2"/>
      <node ref="U20" pin="6"/>
    </net>
    <net code="68" name="Net-(C21-Pad1)">
      <node ref="U20" pin="1"/>
      <node ref="C21" pin="1"/>
    </net>
    <net code="69" name="Net-(U30-Pad2)">
      <node ref="U30" pin="2"/>
    </net>
    <net code="70" name="Net-(U30-Pad3)">
      <node ref="U30" pin="3"/>
    </net>
    <net code="71" name="Net-(U100-Pad27)">
      <node ref="U100" pin="27"/>
    </net>
    <net code="72" name="Net-(U100-Pad25)">
      <node ref="U100" pin="25"/>
    </net>
    <net code="73" name="Net-(L100-Pad1)">
      <node ref="U100" pin="21"/>
      <node ref="L100" pin="1"/>
    </net>
    <net code="74" name="Net-(U100-Pad28)">
      <node ref="U100" pin="28"/>
    </net>
    <net code="75" name="Net-(U100-Pad22)">
      <node ref="U100" pin="22"/>
    </net>
    <net code="76" name="Net-(U100-Pad1)">
      <node ref="U100" pin="1"/>
    </net>
    <net code="77" name="Net-(U100-Pad20)">
      <node ref="U100" pin="20"/>
    </net>
    <net code="78" name="Net-(C105-Pad1)">
      <node ref="C105" pin="1"/>
      <node ref="U100" pin="2"/>
    </net>
    <net code="79" name="Net-(C103-Pad1)">
      <node ref="U100" pin="4"/>
      <node ref="C103" pin="1"/>
    </net>
    <net code="80" name="Net-(C109-Pad2)">
      <node ref="C109" pin="2"/>
      <node ref="C110" pin="1"/>
      <node ref="L100" pin="2"/>
    </net>
    <net code="81" name="Net-(C102-Pad2)">
      <node ref="U101" pin="3"/>
      <node ref="C102" pin="2"/>
      <node ref="U100" pin="5"/>
    </net>
    <net code="82" name="Net-(C101-Pad2)">
      <node ref="C101" pin="2"/>
      <node ref="U101" pin="1"/>
      <node ref="U100" pin="6"/>
    </net>
    <net code="83" name="/sx1276/Antenna">
      <node ref="C109" pin="1"/>
      <node ref="J100" pin="1"/>
    </net>
  </nets>
</export>
