Designator,Val,Package,Mid X,Mid Y,Rotation,Layer
C1,2.2uF,C_0603_1608Metric,213.074,-132,90,top
C2,100nF,C_0603_1608Metric,214.401,-132,90,top
C3,100nF,C_0603_1608Metric,212.1408,-140.335,270,top
C4,100nF,C_0603_1608Metric,210.9216,-138.811,90,top
C5,15pF,C_0603_1608Metric,207.9,-135,90,top
C6,15pF,C_0603_1608Metric,209.7024,-138.8364,90,top
C20,2.2uF,C_0603_1608Metric,178.75,-134.5,90,top
C21,100nF,C_0603_1608Metric,183.15,-134.5,270,top
C22,22pF,C_0603_1608Metric,180.95,-129.5,180,top
C23,22uF,C_0603_1608Metric,183.15,-131.7,270,top
C31,100nF,C_0603_1608Metric,190.5508,-142.5194,45,top
C40,100nF,C_0603_1608Metric,191.8,-132.6,180,top
C50,100nF,C_0603_1608Metric,173.7,-133.9,270,top
C100,2.2uF,C_0603_1608Metric,165.8874,-144.9578,0,top
C101,15pF,C_0402_1005Metric,162.4,-136.144,0,top
C102,15pF,C_0402_1005Metric,166.2,-133.5,270,top
C103,100nF,C_0402_1005Metric,167.1955,-134.493,90,top
C104,100nF,C_0402_1005Metric,168.2115,-134.493,90,top
C105,100nF,C_0402_1005Metric,169.291,-134.493,90,top
C106,47pF,C_0402_1005Metric,171.4,-139.402,90,top
C107,100nF,C_0402_1005Metric,172.3,-139.402,90,top
C108,100nF,C_0402_1005Metric,164.6682,-143.6,0,top
C109,47pF,C_0402_1005Metric,170.9875,-145.8445,180,top
C110,3.3pF,C_0402_1005Metric,169.6085,-145.161,270,top
J4,USB_B_Micro,USB_Micro-B_uxcell,200.1,-143.6,0,top
L20,4.7uH,L_1210_3225Metric,185.3565,-133.096,90,top
L100,10nH,L_0402_1005Metric,170.5875,-144.4445,270,top
Q10,AO3401A,SOT-23,184.5,-138.787,270,top
Q11,AO3401A,SOT-23,198.6,-132.1,270,top
Q12,AO3401A,SOT-23,203.7,-132.1,270,top
R1,10K,R_0603_1608Metric_Pad0.98x0.95mm_HandSolder,216.884,-131.75,0,top
R10,1K,R_0603_1608Metric_Pad0.98x0.95mm_HandSolder,186.7,-138.6,90,top
R11,1K,R_0603_1608Metric_Pad0.98x0.95mm_HandSolder,201.2188,-130.8862,90,top
R12,1K,R_0603_1608Metric_Pad0.98x0.95mm_HandSolder,206.121,-130.8862,90,top
R13,1K,R_0603_1608Metric_Pad0.98x0.95mm_HandSolder,204.2,-137.5,0,top
R14,33R,R_0603_1608Metric_Pad0.98x0.95mm_HandSolder,182.3,-138.6,90,top
R15,10R,R_0603_1608Metric_Pad0.98x0.95mm_HandSolder,200.5,-134.7,270,top
R16,22R,R_0603_1608Metric_Pad0.98x0.95mm_HandSolder,201.9,-134.7,270,top
R20,10K,R_0603_1608Metric_Pad0.98x0.95mm_HandSolder,180.95,-130.9,180,top
R21,2K2,R_0603_1608Metric_Pad0.98x0.95mm_HandSolder,178.75,-131.6,270,top
R50,15K,R_0603_1608Metric_Pad0.98x0.95mm_HandSolder,175.1,-133.9,90,top
R51,2K2,R_0603_1608Metric_Pad0.98x0.95mm_HandSolder,172.3,-133.9,270,top
R100,10K,R_0603_1608Metric_Pad0.98x0.95mm_HandSolder,162.179,-138.557,90,top
U1,STM32F030C8Tx,LQFP-48_7x7mm_P0.5mm,218.408,-137.75,0,top
U2,Crystal_GND24,Crystal_SMD_5032-4Pin_5.0x3.2mm,210.439,-134.2898,270,top
U20,SY8253ADC,TSOT-23-6,180.95,-133.8,270,top
U30,H3LIS331DL,TFLGA-16_3x3mm,193.0635,-143.992,45,top
U40,LE25U40CMD,SOIC-8_3.9x4.9mm_P1.27mm,193,-136.9,270,top
U100,SX1276,QFN-28-1EP_6x6mm_P0.65mm_EP4.8x4.8mm,167.056,-139.402,270,top
U101,Crystal_GND24,Crystal_SMD_3225-4Pin_3.2x2.5mm,163.7,-133.8,0,top